{
  "name": "advertdev",
  "version": "0.1.0",
  "private": true,
  "dependencies": {
    "@emotion/react": "^11.8.2",
    "@emotion/styled": "^11.8.1",
    "@mui/material": "^5.5.3",
    "@testing-library/jest-dom": "^5.16.3",
    "@testing-library/react": "^12.1.4",
    "@testing-library/user-event": "^13.5.0",
    "bootstrap": "^5.1.3",
    "react": "^18.0.0",
    "react-bootstrap": "^2.2.2",
    "react-dom": "^18.0.0",
    "react-iframe": "^1.8.0",
    "react-scripts": "5.0.0",
    "web-vitals": "^2.1.4",
    "yarn-install": "^1.0.0"
  },
  "scripts": {
    "start": "react-scripts start",
    "build": "react-scripts build",
    "test": "react-scripts test",
    "eject": "react-scripts eject"
  },
  "eslintConfig": {
    "extends": [
      "react-app",
      "react-app/jest"
    ]
  },
  "browserslist": {
    "production": [
      ">0.2%",
      "not dead",
      "not op_mini all"
    ],
    "development": [
      "last 1 chrome version",
      "last 1 firefox version",
      "last 1 safari version"
    ]
  }
}
